key,value,date
Humidity,89,20120501
Humidity,88,20120502
Humidity,81,20120503
Humidity,84,20120504
Humidity,84,20120505
Humidity,90,20120506
Humidity,91,20120507
Humidity,93,20120508
Humidity,97,20120509
Humidity,94,20120510
Humidity,90,20120511
Humidity,82,20120512
Humidity,79,20120513
Humidity,85,20120514
Humidity,94,20120515
Humidity,93,20120516
Humidity,96,20120517
Humidity,85,20120518
Humidity,97,20120519
Humidity,96,20120520
Humidity,97,20120521
Humidity,94,20120522
Humidity,94,20120523
Humidity,94,20120524
Humidity,93,20120525
Humidity,90,20120526
Humidity,93,20120527
Humidity,91,20120528
Humidity,90,20120529
Humidity,91,20120530
Humidity,84,20120531
Humidity,93,20120601
Humidity,100,20120602
Humidity,73,20120603
Humidity,93,20120604
Humidity,83,20120605
Humidity,86,20120606
Humidity,93,20120607
Humidity,84,20120608
Humidity,66,20120609
Humidity,93,20120610
Humidity,87,20120611
Humidity,100,20120612
Humidity,100,20120613
Humidity,93,20120614
Humidity,84,20120615
Humidity,84,20120616
Humidity,78,20120617
Humidity,86,20120618
Humidity,84,20120619
Humidity,90,20120620
Humidity,69,20120621
Humidity,100,20120622
Humidity,100,20120623
Humidity,68,20120624
Humidity,93,20120625
Humidity,67,20120626
Humidity,65,20120627
Humidity,57,20120628
Humidity,97,20120629
Humidity,62,20120630
Humidity,64,20120701
Humidity,53,20120702
Humidity,61,20120703
Humidity,100,20120704
Humidity,63,20120706
Humidity,72,20120707
Humidity,82,20120708
Humidity,57,20120709
Humidity,73,20120710
Humidity,79,20120711
Humidity,78,20120712
Humidity,71,20120713
Humidity,74,20120714
Humidity,93,20120715
Humidity,93,20120716
Humidity,64,20120717
Humidity,100,20120718
Humidity,93,20120719
Humidity,100,20120720
Humidity,100,20120721
Humidity,81,20120722
Humidity,93,20120723
Humidity,87,20120724
Humidity,56,20120725
Humidity,100,20120726
Humidity,93,20120727
Humidity,97,20120728
Humidity,93,20120729
Humidity,90,20120730
Humidity,84,20120731
Humidity,100,20120801
Humidity,97,20120802
Humidity,87,20120803
Humidity,88,20120804
Humidity,93,20120805
Humidity,100,20120806
Humidity,70,20120807
Humidity,94,20120808
Humidity,94,20120809
Humidity,100,20120810
Humidity,87,20120811
Humidity,94,20120813
Humidity,94,20120814
Humidity,89,20120815
Humidity,93,20120816
Humidity,94,20120817
Humidity,90,20120818
Humidity,85,20120819
Humidity,85,20120820
Humidity,89,20120821
Humidity,94,20120822
Humidity,88,20120823
Humidity,94,20120824
Humidity,97,20120825
Humidity,94,20120826
Humidity,94,20120827
Humidity,90,20120828
Humidity,88,20120829
Humidity,90,20120830
Humidity,97,20120831
Humidity,87,20120901
Humidity,100,20120902
Humidity,100,20120903
Humidity,100,20120904
Humidity,100,20120905
Humidity,93,20120906
Humidity,97,20120907
Humidity,94,20120908
Humidity,90,20120909
Humidity,81,20120910
Humidity,83,20120911
Humidity,93,20120912
Humidity,93,20120913
Humidity,96,20120914
Humidity,90,20120915
Humidity,89,20120916
Humidity,89,20120917
Humidity,100,20120918
Humidity,94,20120919
Humidity,93,20120920
Humidity,100,20120921
Humidity,100,20120922
Humidity,93,20120923
Humidity,83,20120924
Humidity,93,20120925
Humidity,83,20120926
Humidity,100,20120927
Humidity,100,20120928
Humidity,88,20120929
Humidity,86,20120930
Humidity,90,20121001
Humidity,100,20121002
Humidity,100,20121003
Humidity,97,20121004
Humidity,96,20121005
Humidity,93,20121006
Humidity,93,20121007
Humidity,100,20121008
Humidity,100,20121009
Humidity,100,20121010
Humidity,71,20121011
Humidity,93,20121012
Humidity,81,20121013
Humidity,86,20121014
Humidity,96,20121015
Humidity,86,20121016
Humidity,89,20121017
Humidity,96,20121018
Humidity,100,20121019
Humidity,100,20121020
Humidity,77,20121021
Humidity,87,20121023
Humidity,94,20121024
Humidity,94,20121025
Humidity,90,20121026
Humidity,88,20121027
Humidity,94,20121028
Humidity,100,20121029
Humidity,88,20121030
Humidity,89,20121031
Humidity,81,20121101
Humidity,71,20121102
Humidity,67,20121103
Humidity,70,20121104
Humidity,61,20121105
Humidity,69,20121106
Humidity,96,20121107
Humidity,87,20121108
Humidity,79,20121109
Humidity,89,20121110
Humidity,100,20121111
Humidity,100,20121112
Humidity,94,20121113
Humidity,73,20121114
Humidity,79,20121115
Humidity,79,20121116
Humidity,85,20121117
Humidity,79,20121118
Humidity,86,20121119
Humidity,89,20121120
Humidity,90,20121121
Humidity,75,20121122
Humidity,80,20121123
Humidity,83,20121124
Humidity,93,20121125
Humidity,81,20121126
Humidity,96,20121127
Humidity,89,20121128
Humidity,79,20121129
Humidity,97,20121130
Humidity,96,20121201
Humidity,100,20121202
Humidity,100,20121203
Humidity,97,20121204
Humidity,78,20121205
Humidity,78,20121206
Humidity,97,20121207
Humidity,100,20121208
Humidity,100,20121209
Humidity,100,20121210
Humidity,96,20121211
Humidity,70,20121212
Humidity,82,20121213
Humidity,85,20121214
Humidity,79,20121215
Humidity,100,20121216
Humidity,100,20121217
Humidity,100,20121218
Humidity,70,20121219
Humidity,93,20121220
Humidity,94,20121221
Humidity,71,20121222
Humidity,81,20121223
Humidity,84,20121224
Humidity,93,20121225
Humidity,93,20121226
Humidity,90,20121227
Humidity,93,20121228
Humidity,93,20121229
Humidity,90,20121230
Humidity,65,20121231
Humidity,78,20130101
Humidity,93,20130102
Humidity,96,20130103
Humidity,96,20130104
Humidity,97,20130105
Humidity,96,20130106
Humidity,82,20130107
Humidity,88,20130108
Humidity,93,20130109
Humidity,65,20130110
Humidity,100,20130111
Humidity,100,20130112
Humidity,100,20130113
Humidity,100,20130114
Humidity,92,20130115
Humidity,100,20130116
Humidity,93,20130117
Humidity,76,20130118
Humidity,70,20130119
Humidity,65,20130120
Humidity,93,20130121
Humidity,53,20130122
Humidity,74,20130123
Humidity,74,20130124
Humidity,93,20130125
Humidity,92,20130126
Humidity,72,20130127
Humidity,100,20130128
Humidity,100,20130129
Humidity,100,20130130
Humidity,94,20130131
Humidity,80,20130201
Humidity,88,20130202
Humidity,93,20130203
Humidity,72,20130204
Humidity,93,20130205
Humidity,100,20130206
Humidity,72,20130207
Humidity,97,20130208
Humidity,96,20130209
Humidity,71,20130210
Humidity,100,20130211
Humidity,79,20130212
Humidity,93,20130213
Humidity,100,20130214
Humidity,93,20130215
Humidity,93,20130216
Humidity,55,20130217
Humidity,50,20130218
Humidity,93,20130219
Humidity,62,20130220
Humidity,63,20130221
Humidity,89,20130222
Humidity,100,20130223
Humidity,96,20130224
Humidity,79,20130225
Humidity,93,20130226
Humidity,100,20130227
Humidity,76,20130228
Humidity,82,20130301
Humidity,64,20130302
Humidity,78,20130303
Humidity,89,20130304
Humidity,95,20130305
Humidity,74,20130306
Humidity,99,20130307
Humidity,100,20130308
Humidity,100,20130309
Humidity,89,20130310
Humidity,100,20130311
Humidity,97,20130312
Humidity,73,20130313
Humidity,72,20130314
Humidity,53,20130315
Humidity,93,20130316
Humidity,93,20130317
Humidity,93,20130318
Humidity,100,20130319
Humidity,52,20130320
Humidity,85,20130321
Humidity,61,20130322
Humidity,61,20130323
Humidity,62,20130324
Humidity,96,20130325
Humidity,92,20130326
Humidity,79,20130327
Humidity,73,20130328
Humidity,64,20130329
Humidity,79,20130330
Humidity,100,20130331
Humidity,97,20130401
Humidity,46,20130402
Humidity,47,20130403
Humidity,51,20130404
Humidity,93,20130405
Humidity,62,20130406
Humidity,79,20130407
Humidity,80,20130408
Humidity,72,20130409
Humidity,96,20130410
Humidity,97,20130411
Humidity,100,20130412
Humidity,100,20130413
Humidity,83,20130414
Humidity,71,20130415
Humidity,86,20130416
Humidity,90,20130417
Humidity,94,20130418
Humidity,97,20130419
Humidity,90,20130420
Humidity,57,20130421
Humidity,79,20130422
Humidity,81,20130423
Humidity,89,20130424
Humidity,67,20130425
Humidity,65,20130426
Humidity,60,20130427
Humidity,82,20130428
Humidity,100,20130429
Humidity,94,20130430
Humidity,80,20130501
Humidity,89,20130502
Humidity,80,20130503
Humidity,89,20130504
Humidity,87,20130505
Humidity,90,20130506
Humidity,100,20130507
Humidity,94,20130508
Humidity,84,20130509
Humidity,93,20130510
Humidity,93,20130511
Humidity,94,20130512
Humidity,93,20130513
Humidity,74,20130514
Humidity,76,20130515
Humidity,70,20130516
Humidity,90,20130517
Humidity,80,20130518
Humidity,89,20130519
Humidity,72,20130520
Humidity,83,20130521
Humidity,68,20130522
Humidity,76,20130523
Humidity,80,20130524
Humidity,80,20130525
Humidity,86,20130526
Humidity,83,20130527
Humidity,84,20130528
Humidity,72,20130529
Humidity,83,20130530
Humidity,100,20130601
Humidity,97,20130602
Humidity,97,20130603
Humidity,86,20130604
Humidity,86,20130605
Humidity,86,20130606
Humidity,93,20130607
Humidity,84,20130608
Humidity,78,20130609
Humidity,78,20130610
Humidity,80,20130611
Humidity,83,20130612
Humidity,72,20130613
Humidity,83,20130614
Humidity,89,20130615
Humidity,89,20130616
Humidity,86,20130617
Humidity,86,20130618
Humidity,77,20130619
Humidity,83,20130620
Humidity,83,20130621
Humidity,80,20130622
Humidity,86,20130623
Humidity,90,20130624
Humidity,90,20130625
Humidity,81,20130626
Humidity,93,20130627
Humidity,84,20130628
Humidity,78,20130629
Humidity,84,20130630
Humidity,90,20130701
Humidity,81,20130702
Humidity,90,20130703
Humidity,81,20130704
Humidity,75,20130705
Humidity,86,20130706
Humidity,86,20130707
Humidity,86,20130708
Humidity,90,20130709
Humidity,93,20130710
Humidity,86,20130711
Humidity,89,20130712
Humidity,86,20130713
Humidity,86,20130714
Humidity,86,20130715
Humidity,80,20130716
Humidity,93,20130717
Humidity,86,20130718
Humidity,86,20130719
Humidity,86,20130720
Humidity,86,20130721
Humidity,93,20130722
Humidity,90,20130723
Humidity,90,20130724
Humidity,90,20130725
Humidity,93,20130726
Humidity,93,20130727
Humidity,87,20130728
Humidity,80,20130729
Humidity,86,20130730
Humidity,86,20130731
Humidity,80,20130801
Humidity,86,20130802
Humidity,93,20130803
Humidity,93,20130804
Humidity,86,20130805
Humidity,86,20130806
Humidity,84,20130807
Humidity,84,20130808
Humidity,86,20130809
Humidity,90,20130810
Humidity,90,20130811
Humidity,87,20130812
Humidity,86,20130813
Humidity,81,20130814
Humidity,87,20130815
Humidity,93,20130816
Humidity,90,20130818
Humidity,96,20130819
Humidity,88,20130820
Humidity,96,20130821
Humidity,96,20130822
Humidity,88,20130823
Humidity,96,20130824
Humidity,96,20130825
Humidity,81,20130826
Humidity,79,20130827
Humidity,100,20130828
Humidity,94,20130829
Humidity,84,20130830
Humidity,90,20130831
Humidity,94,20130901
Humidity,100,20130902
Humidity,97,20130903
Humidity,78,20130904
Humidity,80,20130905
Humidity,75,20130906
Humidity,89,20130907
Humidity,81,20130908
Humidity,78,20130909
Humidity,87,20130910
Humidity,91,20130911
Humidity,94,20130912
Humidity,100,20130913
Humidity,80,20130914
Humidity,86,20130915
Humidity,90,20130916
Humidity,77,20130917
Humidity,86,20130918
Humidity,93,20130919
Humidity,93,20130920
Humidity,100,20130921
Humidity,94,20130922
Humidity,71,20130923
Humidity,83,20130924
Humidity,86,20130925
Humidity,90,20130926
Humidity,93,20130927
Humidity,87,20130928
Humidity,89,20130929
Humidity,90,20130930
Humidity,93,20131001
Humidity,94,20131002
Humidity,94,20131003
Humidity,94,20131004
Humidity,94,20131005
Humidity,66,20131015
Humidity,83,20131018
Humidity,90,20131019
Humidity,87,20131020
Humidity,89,20131021
Humidity,90,20131022
Humidity,73,20131023
Humidity,74,20131024
Humidity,70,20131025
Humidity,79,20131026
Humidity,60,20131027
Humidity,86,20131028
Humidity,82,20131029
Humidity,87,20131030
Humidity,100,20131031
Humidity,100,20131101
Humidity,100,20131102
Humidity,74,20131103
Humidity,67,20131104
Humidity,86,20131105
Humidity,93,20131106
Humidity,90,20131107
Humidity,71,20131108
Humidity,71,20131109
Humidity,79,20131110
Humidity,57,20131111
Humidity,86,20131112
Humidity,59,20131113
Humidity,85,20131114
Humidity,89,20131115
Humidity,93,20131116
Humidity,89,20131117
Humidity,94,20131118
Humidity,61,20131119
Humidity,66,20131120
Humidity,71,20131121
Humidity,88,20131122
Humidity,77,20131123
Humidity,45,20131124
Humidity,63,20131125
Humidity,100,20131126
Humidity,100,20131127
Humidity,56,20131128
Humidity,75,20131129
Humidity,69,20131130
Humidity,85,20131201
Humidity,73,20131202
Humidity,83,20131203
Humidity,86,20131204
Humidity,100,20131205
Humidity,100,20131206
Humidity,93,20131207
Humidity,93,20131208
Humidity,100,20131209
Humidity,100,20131210
Humidity,88,20131211
Humidity,80,20131212
Humidity,69,20131213
Humidity,96,20131214
Humidity,100,20131215
Humidity,66,20131216
Humidity,93,20131217
Humidity,85,20131218
Humidity,85,20131219
Humidity,85,20131220
Humidity,93,20131221
Humidity,82,20131222
Humidity,85,20131223
Humidity,100,20131224
Humidity,87,20131225
Humidity,87,20131226
Humidity,91,20131227
Humidity,91,20131228
Humidity,94,20131229
Humidity,100,20131230
Humidity,90,20131231
Humidity,94,20140101
Humidity,100,20140102
Humidity,93,20140103
Humidity,87,20140104
Humidity,93,20140105
Humidity,100,20140106
Humidity,89,20140107
Humidity,100,20140108
Humidity,100,20140109
Humidity,94,20140110
Humidity,97,20140111
Humidity,94,20140112
Humidity,92,20140113
Humidity,93,20140114
Humidity,100,20140115
Humidity,79,20140116
Humidity,85,20140117
Humidity,89,20140118
Humidity,63,20140119
Humidity,65,20140120
Humidity,86,20140121
Humidity,62,20140122
Humidity,62,20140123
Humidity,59,20140124
Humidity,86,20140125
Humidity,72,20140126
Humidity,75,20140127
Humidity,59,20140128
Humidity,81,20140129
Humidity,70,20140130
Humidity,75,20140131
Humidity,85,20140201
Humidity,92,20140202
Humidity,96,20140203
Humidity,91,20140204
Humidity,96,20140205
Humidity,69,20140206
Humidity,72,20140207
Humidity,66,20140208
Humidity,89,20140209
Humidity,85,20140210
Humidity,68,20140211
Humidity,84,20140212
Humidity,96,20140213
Humidity,89,20140214
Humidity,89,20140215
Humidity,65,20140216
Humidity,66,20140217
Humidity,92,20140218
Humidity,93,20140219
Humidity,82,20140220
Humidity,100,20140221
Humidity,96,20140222
Humidity,83,20140223
Humidity,82,20140224
Humidity,72,20140225
Humidity,88,20140226
Humidity,68,20140227
Humidity,50,20140228
Humidity,71,20140301
Humidity,89,20140302
Humidity,82,20140303
Humidity,54,20140304
Humidity,72,20140305
Humidity,63,20140306
Humidity,72,20140307
Humidity,82,20140308
Humidity,100,20140309
Humidity,93,20140310
Humidity,97,20140311
Humidity,93,20140312
Humidity,81,20140317
Humidity,66,20140318
Humidity,89,20140319
Humidity,89,20140320
Humidity,59,20140321
Humidity,73,20140322
Humidity,55,20140323
Humidity,46,20140324
Humidity,82,20140325
Humidity,75,20140326
Humidity,50,20140327
Humidity,71,20140328
Humidity,89,20140329
Humidity,89,20140330
Humidity,83,20140331
Humidity,72,20140401
Humidity,80,20140402
Humidity,77,20140403
Humidity,86,20140404
Humidity,90,20140405
Humidity,58,20140406
Humidity,89,20140407
Humidity,93,20140408
Humidity,70,20140409
Humidity,70,20140410
Humidity,67,20140411
Humidity,83,20140412
Humidity,77,20140413
Humidity,73,20140414
Humidity,88,20140415
Humidity,65,20140416
Humidity,70,20140417
Humidity,71,20140418
Humidity,83,20140419
Humidity,54,20140420
Humidity,83,20140422
Humidity,65,20140423
Humidity,47,20140424
Humidity,69,20140425
Humidity,90,20140426
Humidity,71,20140427
Humidity,68,20140428
Humidity,82,20140429
MinTemp,73,20120501
MinTemp,73,20120502
MinTemp,73,20120503
MinTemp,71,20120504
MinTemp,70,20120505
MinTemp,71,20120506
MinTemp,72,20120507
MinTemp,69,20120508
MinTemp,70,20120509
MinTemp,73,20120510
MinTemp,70,20120511
MinTemp,75,20120512
MinTemp,73,20120513
MinTemp,73,20120514
MinTemp,71,20120515
MinTemp,73,20120516
MinTemp,69,20120517
MinTemp,69,20120518
MinTemp,72,20120519
MinTemp,71,20120520
MinTemp,70,20120521
MinTemp,73,20120522
MinTemp,73,20120523
MinTemp,73,20120524
MinTemp,71,20120525
MinTemp,75,20120526
MinTemp,73,20120527
MinTemp,73,20120528
MinTemp,75,20120529
MinTemp,73,20120530
MinTemp,66,20120531
MinTemp,62,20120601
MinTemp,61,20120602
MinTemp,58,20120603
MinTemp,54,20120604
MinTemp,51,20120605
MinTemp,54,20120606
MinTemp,58,20120607
MinTemp,60,20120608
MinTemp,64,20120609
MinTemp,66,20120610
MinTemp,64,20120611
MinTemp,65,20120612
MinTemp,64,20120613
MinTemp,62,20120614
MinTemp,60,20120615
MinTemp,60,20120616
MinTemp,58,20120617
MinTemp,57,20120618
MinTemp,63,20120619
MinTemp,70,20120620
MinTemp,79,20120621
MinTemp,70,20120622
MinTemp,69,20120623
MinTemp,66,20120624
MinTemp,62,20120625
MinTemp,58,20120626
MinTemp,72,20120627
MinTemp,68,20120628
MinTemp,68,20120629
MinTemp,77,20120630
MinTemp,74,20120701
MinTemp,72,20120702
MinTemp,71,20120703
MinTemp,70,20120704
MinTemp,70,20120706
MinTemp,79,20120707
MinTemp,75,20120708
MinTemp,73,20120709
MinTemp,69,20120710
MinTemp,71,20120711
MinTemp,70,20120712
MinTemp,74,20120713
MinTemp,73,20120714
MinTemp,71,20120715
MinTemp,70,20120716
MinTemp,74,20120717
MinTemp,73,20120718
MinTemp,68,20120719
MinTemp,61,20120720
MinTemp,61,20120721
MinTemp,65,20120722
MinTemp,71,20120723
MinTemp,74,20120724
MinTemp,67,20120725
MinTemp,68,20120726
MinTemp,71,20120727
MinTemp,68,20120728
MinTemp,68,20120729
MinTemp,68,20120730
MinTemp,70,20120731
MinTemp,70,20120801
MinTemp,70,20120802
MinTemp,75,20120803
MinTemp,75,20120804
MinTemp,73,20120805
MinTemp,72,20120806
MinTemp,68,20120807
MinTemp,73,20120808
MinTemp,73,20120809
MinTemp,70,20120810
MinTemp,75,20120811
MinTemp,77,20120813
MinTemp,79,20120814
MinTemp,80,20120815
MinTemp,78,20120816
MinTemp,77,20120817
MinTemp,77,20120818
MinTemp,79,20120819
MinTemp,79,20120820
MinTemp,75,20120821
MinTemp,75,20120822
MinTemp,77,20120823
MinTemp,73,20120824
MinTemp,73,20120825
MinTemp,77,20120826
MinTemp,78,20120827
MinTemp,79,20120828
MinTemp,79,20120829
MinTemp,59,20120830
MinTemp,64,20120831
MinTemp,72,20120901
MinTemp,71,20120902
MinTemp,69,20120903
MinTemp,71,20120904
MinTemp,69,20120905
MinTemp,66,20120906
MinTemp,66,20120907
MinTemp,64,20120908
MinTemp,61,20120909
MinTemp,55,20120910
MinTemp,50,20120911
MinTemp,52,20120912
MinTemp,55,20120913
MinTemp,57,20120914
MinTemp,57,20120915
MinTemp,53,20120916
MinTemp,51,20120917
MinTemp,66,20120918
MinTemp,54,20120919
MinTemp,50,20120920
MinTemp,55,20120921
MinTemp,57,20120922
MinTemp,53,20120923
MinTemp,48,20120924
MinTemp,46,20120925
MinTemp,62,20120926
MinTemp,64,20120927
MinTemp,64,20120928
MinTemp,57,20120929
MinTemp,53,20120930
MinTemp,48,20121001
MinTemp,62,20121002
MinTemp,64,20121003
MinTemp,63,20121004
MinTemp,61,20121005
MinTemp,52,20121006
MinTemp,43,20121007
MinTemp,42,20121008
MinTemp,48,20121009
MinTemp,53,20121010
MinTemp,45,20121011
MinTemp,41,20121012
MinTemp,34,20121013
MinTemp,46,20121014
MinTemp,59,20121015
MinTemp,43,20121016
MinTemp,39,20121017
MinTemp,42,20121018
MinTemp,64,20121019
MinTemp,54,20121020
MinTemp,49,20121021
MinTemp,48,20121023
MinTemp,53,20121024
MinTemp,57,20121025
MinTemp,59,20121026
MinTemp,57,20121027
MinTemp,53,20121028
MinTemp,51,20121029
MinTemp,42,20121030
MinTemp,42,20121031
MinTemp,41,20121101
MinTemp,43,20121102
MinTemp,42,20121103
MinTemp,35,20121104
MinTemp,33,20121105
MinTemp,28,20121106
MinTemp,33,20121107
MinTemp,33,20121108
MinTemp,33,20121109
MinTemp,33,20121110
MinTemp,35,20121111
MinTemp,39,20121112
MinTemp,37,20121113
MinTemp,32,20121114
MinTemp,32,20121115
MinTemp,33,20121116
MinTemp,32,20121117
MinTemp,34,20121118
MinTemp,36,20121119
MinTemp,36,20121120
MinTemp,60,20121121
MinTemp,57,20121122
MinTemp,55,20121123
MinTemp,53,20121124
MinTemp,52,20121125
MinTemp,25,20121126
MinTemp,34,20121127
MinTemp,32,20121128
MinTemp,28,20121129
MinTemp,26,20121130
MinTemp,37,20121201
MinTemp,39,20121202
MinTemp,41,20121203
MinTemp,48,20121204
MinTemp,35,20121205
MinTemp,27,20121206
MinTemp,27,20121207
MinTemp,42,20121208
MinTemp,42,20121209
MinTemp,44,20121210
MinTemp,37,20121211
MinTemp,34,20121212
MinTemp,28,20121213
MinTemp,26,20121214
MinTemp,30,20121215
MinTemp,41,20121216
MinTemp,42,20121217
MinTemp,41,20121218
MinTemp,37,20121219
MinTemp,64,20121220
MinTemp,51,20121221
MinTemp,46,20121222
MinTemp,48,20121223
MinTemp,57,20121224
MinTemp,59,20121225
MinTemp,64,20121226
MinTemp,54,20121227
MinTemp,55,20121228
MinTemp,63,20121229
MinTemp,51,20121230
MinTemp,66,20121231
MinTemp,68,20130101
MinTemp,62,20130102
MinTemp,66,20130103
MinTemp,66,20130104
MinTemp,66,20130105
MinTemp,32,20130106
MinTemp,28,20130107
MinTemp,25,20130108
MinTemp,28,20130109
MinTemp,37,20130110
MinTemp,34,20130111
MinTemp,42,20130112
MinTemp,43,20130113
MinTemp,41,20130114
MinTemp,35,20130115
MinTemp,33,20130116
MinTemp,37,20130117
MinTemp,28,20130118
MinTemp,28,20130119
MinTemp,30,20130120
MinTemp,26,20130121
MinTemp,12,20130122
MinTemp,10,20130123
MinTemp,15,20130124
MinTemp,10,20130125
MinTemp,10,20130126
MinTemp,17,20130127
MinTemp,24,20130128
MinTemp,33,20130129
MinTemp,39,20130130
MinTemp,28,20130131
MinTemp,21,20130201
MinTemp,17,20130202
MinTemp,24,20130203
MinTemp,19,20130204
MinTemp,28,20130205
MinTemp,26,20130206
MinTemp,23,20130207
MinTemp,32,20130208
MinTemp,21,20130209
MinTemp,16,20130210
MinTemp,30,20130211
MinTemp,32,20130212
MinTemp,27,20130213
MinTemp,30,20130214
MinTemp,28,20130215
MinTemp,30,20130216
MinTemp,21,20130217
MinTemp,19,20130218
MinTemp,25,20130219
MinTemp,25,20130220
MinTemp,24,20130221
MinTemp,23,20130222
MinTemp,33,20130223
MinTemp,32,20130224
MinTemp,30,20130225
MinTemp,26,20130226
MinTemp,39,20130227
MinTemp,37,20130228
MinTemp,34,20130301
MinTemp,32,20130302
MinTemp,36,20130303
MinTemp,36,20130304
MinTemp,49,20130305
MinTemp,43,20130306
MinTemp,37,20130307
MinTemp,39,20130308
MinTemp,44,20130309
MinTemp,28,20130310
MinTemp,37,20130311
MinTemp,42,20130312
MinTemp,35,20130313
MinTemp,28,20130314
MinTemp,27,20130315
MinTemp,33,20130316
MinTemp,28,20130317
MinTemp,28,20130318
MinTemp,35,20130319
MinTemp,32,20130320
MinTemp,28,20130321
MinTemp,28,20130322
MinTemp,28,20130323
MinTemp,30,20130324
MinTemp,33,20130325
MinTemp,35,20130326
MinTemp,35,20130327
MinTemp,34,20130328
MinTemp,36,20130329
MinTemp,32,20130330
MinTemp,34,20130331
MinTemp,37,20130401
MinTemp,30,20130402
MinTemp,30,20130403
MinTemp,28,20130404
MinTemp,37,20130405
MinTemp,35,20130406
MinTemp,37,20130407
MinTemp,48,20130408
MinTemp,60,20130409
MinTemp,60,20130410
MinTemp,48,20130411
MinTemp,42,20130412
MinTemp,37,20130413
MinTemp,39,20130414
MinTemp,46,20130415
MinTemp,46,20130416
MinTemp,55,20130417
MinTemp,50,20130418
MinTemp,55,20130419
MinTemp,46,20130420
MinTemp,36,20130421
MinTemp,34,20130422
MinTemp,42,20130423
MinTemp,39,20130424
MinTemp,45,20130425
MinTemp,44,20130426
MinTemp,42,20130427
MinTemp,41,20130428
MinTemp,51,20130429
MinTemp,48,20130430
MinTemp,41,20130501
MinTemp,42,20130502
MinTemp,46,20130503
MinTemp,43,20130504
MinTemp,41,20130505
MinTemp,44,20130506
MinTemp,51,20130507
MinTemp,59,20130508
MinTemp,66,20130509
MinTemp,71,20130510
MinTemp,73,20130511
MinTemp,73,20130512
MinTemp,72,20130513
MinTemp,72,20130514
MinTemp,68,20130515
MinTemp,69,20130516
MinTemp,71,20130517
MinTemp,46,20130518
MinTemp,52,20130519
MinTemp,53,20130520
MinTemp,51,20130521
MinTemp,48,20130522
MinTemp,47,20130523
MinTemp,45,20130524
MinTemp,47,20130525
MinTemp,55,20130526
MinTemp,53,20130527
MinTemp,57,20130528
MinTemp,55,20130529
MinTemp,51,20130530
MinTemp,73,20130601
MinTemp,73,20130602
MinTemp,73,20130603
MinTemp,54,20130604
MinTemp,55,20130605
MinTemp,55,20130606
MinTemp,53,20130607
MinTemp,62,20130608
MinTemp,60,20130609
MinTemp,56,20130610
MinTemp,58,20130611
MinTemp,54,20130612
MinTemp,51,20130613
MinTemp,55,20130614
MinTemp,54,20130615
MinTemp,52,20130616
MinTemp,55,20130617
MinTemp,55,20130618
MinTemp,54,20130619
MinTemp,52,20130620
MinTemp,53,20130621
MinTemp,54,20130622
MinTemp,57,20130623
MinTemp,59,20130624
MinTemp,63,20130625
MinTemp,65,20130626
MinTemp,61,20130627
MinTemp,64,20130628
MinTemp,65,20130629
MinTemp,63,20130630
MinTemp,62,20130701
MinTemp,63,20130702
MinTemp,62,20130703
MinTemp,65,20130704
MinTemp,57,20130705
MinTemp,55,20130706
MinTemp,54,20130707
MinTemp,55,20130708
MinTemp,58,20130709
MinTemp,57,20130710
MinTemp,57,20130711
MinTemp,53,20130712
MinTemp,54,20130713
MinTemp,55,20130714
MinTemp,56,20130715
MinTemp,57,20130716
MinTemp,58,20130717
MinTemp,57,20130718
MinTemp,57,20130719
MinTemp,57,20130720
MinTemp,54,20130721
MinTemp,58,20130722
MinTemp,62,20130723
MinTemp,60,20130724
MinTemp,59,20130725
MinTemp,58,20130726
MinTemp,57,20130727
MinTemp,56,20130728
MinTemp,56,20130729
MinTemp,55,20130730
MinTemp,56,20130731
MinTemp,54,20130801
MinTemp,54,20130802
MinTemp,53,20130803
MinTemp,56,20130804
MinTemp,57,20130805
MinTemp,58,20130806
MinTemp,60,20130807
MinTemp,59,20130808
MinTemp,58,20130809
MinTemp,59,20130810
MinTemp,59,20130811
MinTemp,58,20130812
MinTemp,56,20130813
MinTemp,56,20130814
MinTemp,63,20130815
MinTemp,61,20130816
MinTemp,78,20130818
MinTemp,78,20130819
MinTemp,79,20130820
MinTemp,73,20130821
MinTemp,75,20130822
MinTemp,79,20130823
MinTemp,77,20130824
MinTemp,77,20130825
MinTemp,66,20130826
MinTemp,73,20130827
MinTemp,72,20130828
MinTemp,71,20130829
MinTemp,71,20130830
MinTemp,73,20130831
MinTemp,73,20130901
MinTemp,73,20130902
MinTemp,69,20130903
MinTemp,64,20130904
MinTemp,59,20130905
MinTemp,54,20130906
MinTemp,52,20130907
MinTemp,61,20130908
MinTemp,54,20130909
MinTemp,69,20130910
MinTemp,75,20130911
MinTemp,71,20130912
MinTemp,60,20130913
MinTemp,52,20130914
MinTemp,48,20130915
MinTemp,60,20130916
MinTemp,48,20130917
MinTemp,46,20130918
MinTemp,48,20130919
MinTemp,54,20130920
MinTemp,53,20130921
MinTemp,57,20130922
MinTemp,50,20130923
MinTemp,46,20130924
MinTemp,51,20130925
MinTemp,52,20130926
MinTemp,57,20130927
MinTemp,55,20130928
MinTemp,53,20130929
MinTemp,51,20130930
MinTemp,53,20131001
MinTemp,42,20131002
MinTemp,55,20131003
MinTemp,55,20131004
MinTemp,42,20131005
MinTemp,47,20131015
MinTemp,48,20131018
MinTemp,44,20131019
MinTemp,46,20131020
MinTemp,41,20131021
MinTemp,46,20131022
MinTemp,44,20131023
MinTemp,41,20131024
MinTemp,39,20131025
MinTemp,36,20131026
MinTemp,44,20131027
MinTemp,36,20131028
MinTemp,42,20131029
MinTemp,44,20131030
MinTemp,48,20131031
MinTemp,55,20131101
MinTemp,50,20131102
MinTemp,36,20131103
MinTemp,32,20131104
MinTemp,36,20131105
MinTemp,43,20131106
MinTemp,43,20131107
MinTemp,37,20131108
MinTemp,35,20131109
MinTemp,39,20131110
MinTemp,41,20131111
MinTemp,30,20131112
MinTemp,27,20131113
MinTemp,33,20131114
MinTemp,51,20131115
MinTemp,63,20131116
MinTemp,52,20131117
MinTemp,51,20131118
MinTemp,34,20131119
MinTemp,30,20131120
MinTemp,28,20131121
MinTemp,48,20131122
MinTemp,30,20131123
MinTemp,24,20131124
MinTemp,21,20131125
MinTemp,34,20131126
MinTemp,33,20131127
MinTemp,30,20131128
MinTemp,26,20131129
MinTemp,21,20131130
MinTemp,30,20131201
MinTemp,37,20131202
MinTemp,36,20131203
MinTemp,36,20131204
MinTemp,48,20131205
MinTemp,39,20131206
MinTemp,30,20131207
MinTemp,27,20131208
MinTemp,32,20131209
MinTemp,27,20131210
MinTemp,17,20131211
MinTemp,23,20131212
MinTemp,25,20131213
MinTemp,28,20131214
MinTemp,30,20131215
MinTemp,24,20131216
MinTemp,24,20131217
MinTemp,21,20131218
MinTemp,23,20131219
MinTemp,33,20131220
MinTemp,44,20131221
MinTemp,75,20131222
MinTemp,76,20131223
MinTemp,73,20131224
MinTemp,71,20131225
MinTemp,73,20131226
MinTemp,77,20131227
MinTemp,77,20131228
MinTemp,76,20131229
MinTemp,69,20131230
MinTemp,66,20131231
MinTemp,73,20140101
MinTemp,66,20140102
MinTemp,59,20140103
MinTemp,66,20140104
MinTemp,70,20140105
MinTemp,57,20140106
MinTemp,48,20140107
MinTemp,48,20140108
MinTemp,69,20140109
MinTemp,70,20140110
MinTemp,73,20140111
MinTemp,33,20140112
MinTemp,27,20140113
MinTemp,42,20140114
MinTemp,35,20140115
MinTemp,28,20140116
MinTemp,23,20140117
MinTemp,23,20140118
MinTemp,21,20140119
MinTemp,36,20140120
MinTemp,14,20140121
MinTemp,3,20140122
MinTemp,7,20140123
MinTemp,10,20140124
MinTemp,19,20140125
MinTemp,17,20140126
MinTemp,21,20140127
MinTemp,12,20140128
MinTemp,12,20140129
MinTemp,9,20140130
MinTemp,23,20140131
MinTemp,30,20140201
MinTemp,30,20140202
MinTemp,27,20140203
MinTemp,21,20140204
MinTemp,32,20140205
MinTemp,23,20140206
MinTemp,23,20140207
MinTemp,24,20140208
MinTemp,23,20140209
MinTemp,21,20140210
MinTemp,15,20140211
MinTemp,7,20140212
MinTemp,24,20140213
MinTemp,30,20140214
MinTemp,28,20140215
MinTemp,21,20140216
MinTemp,18,20140217
MinTemp,26,20140218
MinTemp,27,20140219
MinTemp,30,20140220
MinTemp,34,20140221
MinTemp,30,20140222
MinTemp,37,20140223
MinTemp,30,20140224
MinTemp,25,20140225
MinTemp,18,20140226
MinTemp,15,20140227
MinTemp,10,20140228
MinTemp,15,20140301
MinTemp,35,20140302
MinTemp,16,20140303
MinTemp,12,20140304
MinTemp,19,20140305
MinTemp,19,20140306
MinTemp,28,20140307
MinTemp,34,20140308
MinTemp,57,20140309
MinTemp,63,20140310
MinTemp,61,20140311
MinTemp,69,20140312
MinTemp,23,20140317
MinTemp,30,20140318
MinTemp,33,20140319
MinTemp,43,20140320
MinTemp,36,20140321
MinTemp,35,20140322
MinTemp,30,20140323
MinTemp,21,20140324
MinTemp,21,20140325
MinTemp,28,20140326
MinTemp,21,20140327
MinTemp,34,20140328
MinTemp,46,20140329
MinTemp,41,20140330
MinTemp,37,20140331
MinTemp,35,20140401
MinTemp,41,20140402
MinTemp,46,20140403
MinTemp,44,20140404
MinTemp,42,20140405
MinTemp,36,20140406
MinTemp,36,20140407
MinTemp,48,20140408
MinTemp,41,20140409
MinTemp,37,20140410
MinTemp,55,20140411
MinTemp,53,20140412
MinTemp,51,20140413
MinTemp,64,20140414
MinTemp,37,20140415
MinTemp,32,20140416
MinTemp,33,20140417
MinTemp,39,20140418
MinTemp,39,20140419
MinTemp,43,20140420
MinTemp,50,20140422
MinTemp,46,20140423
MinTemp,42,20140424
MinTemp,39,20140425
MinTemp,48,20140426
MinTemp,46,20140427
MinTemp,41,20140428
MinTemp,44,20140429
MaxTemp,81,20120501
MaxTemp,84,20120502
MaxTemp,84,20120503
MaxTemp,84,20120504
MaxTemp,86,20120505
MaxTemp,88,20120506
MaxTemp,89,20120507
MaxTemp,86,20120508
MaxTemp,88,20120509
MaxTemp,90,20120510
MaxTemp,87,20120511
MaxTemp,84,20120512
MaxTemp,84,20120513
MaxTemp,87,20120514
MaxTemp,87,20120515
MaxTemp,82,20120516
MaxTemp,82,20120517
MaxTemp,87,20120518
MaxTemp,84,20120519
MaxTemp,87,20120520
MaxTemp,88,20120521
MaxTemp,84,20120522
MaxTemp,84,20120523
MaxTemp,84,20120524
MaxTemp,89,20120525
MaxTemp,88,20120526
MaxTemp,91,20120527
MaxTemp,89,20120528
MaxTemp,89,20120529
MaxTemp,91,20120530
MaxTemp,79,20120531
MaxTemp,74,20120601
MaxTemp,75,20120602
MaxTemp,76,20120603
MaxTemp,63,20120604
MaxTemp,64,20120605
MaxTemp,72,20120606
MaxTemp,78,20120607
MaxTemp,81,20120608
MaxTemp,78,20120609
MaxTemp,84,20120610
MaxTemp,77,20120611
MaxTemp,72,20120612
MaxTemp,69,20120613
MaxTemp,77,20120614
MaxTemp,80,20120615
MaxTemp,80,20120616
MaxTemp,73,20120617
MaxTemp,72,20120618
MaxTemp,77,20120619
MaxTemp,94,20120620
MaxTemp,94,20120621
MaxTemp,90,20120622
MaxTemp,84,20120623
MaxTemp,84,20120624
MaxTemp,74,20120625
MaxTemp,72,20120626
MaxTemp,81,20120627
MaxTemp,88,20120628
MaxTemp,93,20120629
MaxTemp,93,20120630
MaxTemp,94,20120701
MaxTemp,88,20120702
MaxTemp,89,20120703
MaxTemp,92,20120704
MaxTemp,95,20120706
MaxTemp,100,20120707
MaxTemp,90,20120708
MaxTemp,86,20120709
MaxTemp,87,20120710
MaxTemp,85,20120711
MaxTemp,89,20120712
MaxTemp,89,20120713
MaxTemp,85,20120714
MaxTemp,89,20120715
MaxTemp,91,20120716
MaxTemp,96,20120717
MaxTemp,100,20120718
MaxTemp,76,20120719
MaxTemp,72,20120720
MaxTemp,78,20120721
MaxTemp,83,20120722
MaxTemp,86,20120723
MaxTemp,91,20120724
MaxTemp,85,20120725
MaxTemp,88,20120726
MaxTemp,87,20120727
MaxTemp,81,20120728
MaxTemp,80,20120729
MaxTemp,81,20120730
MaxTemp,80,20120731
MaxTemp,78,20120801
MaxTemp,87,20120802
MaxTemp,89,20120803
MaxTemp,90,20120804
MaxTemp,91,20120805
MaxTemp,86,20120806
MaxTemp,83,20120807
MaxTemp,86,20120808
MaxTemp,88,20120809
MaxTemp,80,20120810
MaxTemp,87,20120811
MaxTemp,91,20120813
MaxTemp,93,20120814
MaxTemp,88,20120815
MaxTemp,91,20120816
MaxTemp,93,20120817
MaxTemp,93,20120818
MaxTemp,93,20120819
MaxTemp,93,20120820
MaxTemp,93,20120821
MaxTemp,93,20120822
MaxTemp,93,20120823
MaxTemp,93,20120824
MaxTemp,84,20120825
MaxTemp,84,20120826
MaxTemp,84,20120827
MaxTemp,91,20120828
MaxTemp,91,20120829
MaxTemp,84,20120830
MaxTemp,90,20120831
MaxTemp,90,20120901
MaxTemp,78,20120902
MaxTemp,75,20120903
MaxTemp,80,20120904
MaxTemp,84,20120905
MaxTemp,80,20120906
MaxTemp,88,20120907
MaxTemp,87,20120908
MaxTemp,78,20120909
MaxTemp,73,20120910
MaxTemp,75,20120911
MaxTemp,79,20120912
MaxTemp,80,20120913
MaxTemp,80,20120914
MaxTemp,73,20120915
MaxTemp,75,20120916
MaxTemp,75,20120917
MaxTemp,79,20120918
MaxTemp,71,20120919
MaxTemp,73,20120920
MaxTemp,75,20120921
MaxTemp,82,20120922
MaxTemp,69,20120923
MaxTemp,66,20120924
MaxTemp,72,20120925
MaxTemp,78,20120926
MaxTemp,73,20120927
MaxTemp,78,20120928
MaxTemp,64,20120929
MaxTemp,69,20120930
MaxTemp,71,20121001
MaxTemp,69,20121002
MaxTemp,81,20121003
MaxTemp,75,20121004
MaxTemp,80,20121005
MaxTemp,77,20121006
MaxTemp,52,20121007
MaxTemp,54,20121008
MaxTemp,57,20121009
MaxTemp,66,20121010
MaxTemp,61,20121011
MaxTemp,59,20121012
MaxTemp,55,20121013
MaxTemp,73,20121014
MaxTemp,68,20121015
MaxTemp,61,20121016
MaxTemp,62,20121017
MaxTemp,70,20121018
MaxTemp,73,20121019
MaxTemp,69,20121020
MaxTemp,65,20121021
MaxTemp,68,20121023
MaxTemp,69,20121024
MaxTemp,62,20121025
MaxTemp,66,20121026
MaxTemp,64,20121027
MaxTemp,57,20121028
MaxTemp,62,20121029
MaxTemp,50,20121030
MaxTemp,48,20121031
MaxTemp,51,20121101
MaxTemp,52,20121102
MaxTemp,48,20121103
MaxTemp,48,20121104
MaxTemp,45,20121105
MaxTemp,44,20121106
MaxTemp,39,20121107
MaxTemp,50,20121108
MaxTemp,55,20121109
MaxTemp,55,20121110
MaxTemp,69,20121111
MaxTemp,69,20121112
MaxTemp,63,20121113
MaxTemp,48,20121114
MaxTemp,46,20121115
MaxTemp,48,20121116
MaxTemp,53,20121117
MaxTemp,50,20121118
MaxTemp,51,20121119
MaxTemp,51,20121120
MaxTemp,77,20121121
MaxTemp,75,20121122
MaxTemp,78,20121123
MaxTemp,73,20121124
MaxTemp,77,20121125
MaxTemp,48,20121126
MaxTemp,37,20121127
MaxTemp,41,20121128
MaxTemp,45,20121129
MaxTemp,46,20121130
MaxTemp,48,20121201
MaxTemp,53,20121202
MaxTemp,64,20121203
MaxTemp,66,20121204
MaxTemp,59,20121205
MaxTemp,41,20121206
MaxTemp,44,20121207
MaxTemp,51,20121208
MaxTemp,48,20121209
MaxTemp,60,20121210
MaxTemp,57,20121211
MaxTemp,44,20121212
MaxTemp,46,20121213
MaxTemp,51,20121214
MaxTemp,46,20121215
MaxTemp,51,20121216
MaxTemp,45,20121217
MaxTemp,57,20121218
MaxTemp,48,20121219
MaxTemp,81,20121220
MaxTemp,71,20121221
MaxTemp,64,20121222
MaxTemp,73,20121223
MaxTemp,75,20121224
MaxTemp,80,20121225
MaxTemp,82,20121226
MaxTemp,72,20121227
MaxTemp,78,20121228
MaxTemp,82,20121229
MaxTemp,69,20121230
MaxTemp,75,20121231
MaxTemp,78,20130101
MaxTemp,81,20130102
MaxTemp,82,20130103
MaxTemp,80,20130104
MaxTemp,80,20130105
MaxTemp,48,20130106
MaxTemp,46,20130107
MaxTemp,46,20130108
MaxTemp,50,20130109
MaxTemp,48,20130110
MaxTemp,46,20130111
MaxTemp,50,20130112
MaxTemp,50,20130113
MaxTemp,55,20130114
MaxTemp,39,20130115
MaxTemp,37,20130116
MaxTemp,42,20130117
MaxTemp,37,20130118
MaxTemp,50,20130119
MaxTemp,54,20130120
MaxTemp,33,20130121
MaxTemp,25,20130122
MaxTemp,19,20130123
MaxTemp,25,20130124
MaxTemp,21,20130125
MaxTemp,27,20130126
MaxTemp,34,20130127
MaxTemp,37,20130128
MaxTemp,50,20130129
MaxTemp,66,20130130
MaxTemp,62,20130131
MaxTemp,30,20130201
MaxTemp,30,20130202
MaxTemp,30,20130203
MaxTemp,30,20130204
MaxTemp,33,20130205
MaxTemp,39,20130206
MaxTemp,35,20130207
MaxTemp,39,20130208
MaxTemp,33,20130209
MaxTemp,39,20130210
MaxTemp,51,20130211
MaxTemp,46,20130212
MaxTemp,43,20130213
MaxTemp,46,20130214
MaxTemp,55,20130215
MaxTemp,37,20130216
MaxTemp,32,20130217
MaxTemp,36,20130218
MaxTemp,46,20130219
MaxTemp,36,20130220
MaxTemp,35,20130221
MaxTemp,37,20130222
MaxTemp,46,20130223
MaxTemp,46,20130224
MaxTemp,44,20130225
MaxTemp,45,20130226
MaxTemp,51,20130227
MaxTemp,46,20130228
MaxTemp,46,20130301
MaxTemp,41,20130302
MaxTemp,47,20130303
MaxTemp,57,20130304
MaxTemp,70,20130305
MaxTemp,62,20130306
MaxTemp,57,20130307
MaxTemp,66,20130308
MaxTemp,68,20130309
MaxTemp,55,20130310
MaxTemp,61,20130311
MaxTemp,59,20130312
MaxTemp,50,20130313
MaxTemp,42,20130314
MaxTemp,50,20130315
MaxTemp,46,20130316
MaxTemp,39,20130317
MaxTemp,41,20130318
MaxTemp,50,20130319
MaxTemp,48,20130320
MaxTemp,39,20130321
MaxTemp,42,20130322
MaxTemp,48,20130323
MaxTemp,46,20130324
MaxTemp,37,20130325
MaxTemp,52,20130326
MaxTemp,52,20130327
MaxTemp,48,20130328
MaxTemp,55,20130329
MaxTemp,57,20130330
MaxTemp,57,20130331
MaxTemp,64,20130401
MaxTemp,45,20130402
MaxTemp,48,20130403
MaxTemp,52,20130404
MaxTemp,64,20130405
MaxTemp,52,20130406
MaxTemp,63,20130407
MaxTemp,75,20130408
MaxTemp,82,20130409
MaxTemp,88,20130410
MaxTemp,66,20130411
MaxTemp,48,20130412
MaxTemp,60,20130413
MaxTemp,61,20130414
MaxTemp,57,20130415
MaxTemp,72,20130416
MaxTemp,72,20130417
MaxTemp,62,20130418
MaxTemp,78,20130419
MaxTemp,59,20130420
MaxTemp,54,20130421
MaxTemp,53,20130422
MaxTemp,50,20130423
MaxTemp,71,20130424
MaxTemp,63,20130425
MaxTemp,64,20130426
MaxTemp,69,20130427
MaxTemp,70,20130428
MaxTemp,57,20130429
MaxTemp,66,20130430
MaxTemp,66,20130501
MaxTemp,71,20130502
MaxTemp,62,20130503
MaxTemp,66,20130504
MaxTemp,62,20130505
MaxTemp,69,20130506
MaxTemp,69,20130507
MaxTemp,73,20130508
MaxTemp,88,20130509
MaxTemp,88,20130510
MaxTemp,88,20130511
MaxTemp,88,20130512
MaxTemp,91,20130513
MaxTemp,82,20130514
MaxTemp,82,20130515
MaxTemp,82,20130516
MaxTemp,88,20130517
MaxTemp,73,20130518
MaxTemp,81,20130519
MaxTemp,89,20130520
MaxTemp,69,20130521
MaxTemp,66,20130522
MaxTemp,67,20130523
MaxTemp,71,20130524
MaxTemp,68,20130525
MaxTemp,72,20130526
MaxTemp,67,20130527
MaxTemp,71,20130528
MaxTemp,70,20130529
MaxTemp,74,20130530
MaxTemp,86,20130601
MaxTemp,88,20130602
MaxTemp,86,20130603
MaxTemp,73,20130604
MaxTemp,72,20130605
MaxTemp,76,20130606
MaxTemp,87,20130607
MaxTemp,87,20130608
MaxTemp,78,20130609
MaxTemp,75,20130610
MaxTemp,73,20130611
MaxTemp,76,20130612
MaxTemp,77,20130613
MaxTemp,87,20130614
MaxTemp,72,20130615
MaxTemp,76,20130616
MaxTemp,74,20130617
MaxTemp,71,20130618
MaxTemp,73,20130619
MaxTemp,76,20130620
MaxTemp,80,20130621
MaxTemp,83,20130622
MaxTemp,71,20130623
MaxTemp,69,20130624
MaxTemp,79,20130625
MaxTemp,83,20130626
MaxTemp,85,20130627
MaxTemp,92,20130628
MaxTemp,96,20130629
MaxTemp,88,20130630
MaxTemp,92,20130701
MaxTemp,92,20130702
MaxTemp,91,20130703
MaxTemp,90,20130704
MaxTemp,75,20130705
MaxTemp,79,20130706
MaxTemp,79,20130707
MaxTemp,80,20130708
MaxTemp,86,20130709
MaxTemp,79,20130710
MaxTemp,75,20130711
MaxTemp,78,20130712
MaxTemp,82,20130713
MaxTemp,75,20130714
MaxTemp,74,20130715
MaxTemp,72,20130716
MaxTemp,74,20130717
MaxTemp,81,20130718
MaxTemp,80,20130719
MaxTemp,83,20130720
MaxTemp,80,20130721
MaxTemp,77,20130722
MaxTemp,80,20130723
MaxTemp,86,20130724
MaxTemp,80,20130725
MaxTemp,79,20130726
MaxTemp,79,20130727
MaxTemp,79,20130728
MaxTemp,80,20130729
MaxTemp,77,20130730
MaxTemp,76,20130731
MaxTemp,74,20130801
MaxTemp,77,20130802
MaxTemp,79,20130803
MaxTemp,74,20130804
MaxTemp,73,20130805
MaxTemp,73,20130806
MaxTemp,74,20130807
MaxTemp,75,20130808
MaxTemp,74,20130809
MaxTemp,76,20130810
MaxTemp,73,20130811
MaxTemp,81,20130812
MaxTemp,87,20130813
MaxTemp,80,20130814
MaxTemp,82,20130815
MaxTemp,83,20130816
MaxTemp,90,20130818
MaxTemp,91,20130819
MaxTemp,90,20130820
MaxTemp,90,20130821
MaxTemp,90,20130822
MaxTemp,90,20130823
MaxTemp,91,20130824
MaxTemp,88,20130825
MaxTemp,88,20130826
MaxTemp,90,20130827
MaxTemp,77,20130828
MaxTemp,82,20130829
MaxTemp,82,20130830
MaxTemp,87,20130831
MaxTemp,90,20130901
MaxTemp,82,20130902
MaxTemp,84,20130903
MaxTemp,82,20130904
MaxTemp,81,20130905
MaxTemp,73,20130906
MaxTemp,81,20130907
MaxTemp,84,20130908
MaxTemp,75,20130909
MaxTemp,88,20130910
MaxTemp,93,20130911
MaxTemp,89,20130912
MaxTemp,79,20130913
MaxTemp,68,20130914
MaxTemp,75,20130915
MaxTemp,73,20130916
MaxTemp,66,20130917
MaxTemp,72,20130918
MaxTemp,75,20130919
MaxTemp,80,20130920
MaxTemp,80,20130921
MaxTemp,72,20130922
MaxTemp,69,20130923
MaxTemp,73,20130924
MaxTemp,75,20130925
MaxTemp,73,20130926
MaxTemp,72,20130927
MaxTemp,73,20130928
MaxTemp,73,20130929
MaxTemp,75,20130930
MaxTemp,82,20131001
MaxTemp,75,20131002
MaxTemp,59,20131003
MaxTemp,59,20131004
MaxTemp,60,20131005
MaxTemp,79,20131015
MaxTemp,68,20131018
MaxTemp,66,20131019
MaxTemp,64,20131020
MaxTemp,68,20131021
MaxTemp,69,20131022
MaxTemp,57,20131023
MaxTemp,54,20131024
MaxTemp,55,20131025
MaxTemp,57,20131026
MaxTemp,60,20131027
MaxTemp,64,20131028
MaxTemp,62,20131029
MaxTemp,59,20131030
MaxTemp,71,20131031
MaxTemp,72,20131101
MaxTemp,70,20131102
MaxTemp,54,20131103
MaxTemp,46,20131104
MaxTemp,59,20131105
MaxTemp,66,20131106
MaxTemp,63,20131107
MaxTemp,51,20131108
MaxTemp,51,20131109
MaxTemp,62,20131110
MaxTemp,57,20131111
MaxTemp,52,20131112
MaxTemp,42,20131113
MaxTemp,63,20131114
MaxTemp,78,20131115
MaxTemp,81,20131116
MaxTemp,68,20131117
MaxTemp,66,20131118
MaxTemp,48,20131119
MaxTemp,46,20131120
MaxTemp,55,20131121
MaxTemp,59,20131122
MaxTemp,54,20131123
MaxTemp,30,20131124
MaxTemp,36,20131125
MaxTemp,54,20131126
MaxTemp,64,20131127
MaxTemp,37,20131128
MaxTemp,42,20131129
MaxTemp,41,20131130
MaxTemp,48,20131201
MaxTemp,51,20131202
MaxTemp,54,20131203
MaxTemp,54,20131204
MaxTemp,61,20131205
MaxTemp,63,20131206
MaxTemp,39,20131207
MaxTemp,32,20131208
MaxTemp,37,20131209
MaxTemp,36,20131210
MaxTemp,34,20131211
MaxTemp,28,20131212
MaxTemp,37,20131213
MaxTemp,34,20131214
MaxTemp,41,20131215
MaxTemp,33,20131216
MaxTemp,33,20131217
MaxTemp,37,20131218
MaxTemp,46,20131219
MaxTemp,54,20131220
MaxTemp,68,20131221
MaxTemp,85,20131222
MaxTemp,85,20131223
MaxTemp,86,20131224
MaxTemp,88,20131225
MaxTemp,87,20131226
MaxTemp,86,20131227
MaxTemp,86,20131228
MaxTemp,87,20131229
MaxTemp,79,20131230
MaxTemp,77,20131231
MaxTemp,81,20140101
MaxTemp,84,20140102
MaxTemp,73,20140103
MaxTemp,73,20140104
MaxTemp,82,20140105
MaxTemp,82,20140106
MaxTemp,57,20140107
MaxTemp,70,20140108
MaxTemp,77,20140109
MaxTemp,80,20140110
MaxTemp,84,20140111
MaxTemp,53,20140112
MaxTemp,59,20140113
MaxTemp,52,20140114
MaxTemp,53,20140115
MaxTemp,39,20140116
MaxTemp,46,20140117
MaxTemp,39,20140118
MaxTemp,42,20140119
MaxTemp,51,20140120
MaxTemp,35,20140121
MaxTemp,16,20140122
MaxTemp,21,20140123
MaxTemp,19,20140124
MaxTemp,28,20140125
MaxTemp,28,20140126
MaxTemp,44,20140127
MaxTemp,19,20140128
MaxTemp,21,20140129
MaxTemp,28,20140130
MaxTemp,44,20140131
MaxTemp,48,20140201
MaxTemp,57,20140202
MaxTemp,43,20140203
MaxTemp,34,20140204
MaxTemp,37,20140205
MaxTemp,30,20140206
MaxTemp,35,20140207
MaxTemp,30,20140208
MaxTemp,30,20140209
MaxTemp,30,20140210
MaxTemp,27,20140211
MaxTemp,27,20140212
MaxTemp,37,20140213
MaxTemp,44,20140214
MaxTemp,37,20140215
MaxTemp,28,20140216
MaxTemp,33,20140217
MaxTemp,44,20140218
MaxTemp,46,20140219
MaxTemp,53,20140220
MaxTemp,62,20140221
MaxTemp,55,20140222
MaxTemp,55,20140223
MaxTemp,39,20140224
MaxTemp,35,20140225
MaxTemp,33,20140226
MaxTemp,35,20140227
MaxTemp,25,20140228
MaxTemp,39,20140301
MaxTemp,42,20140302
MaxTemp,32,20140303
MaxTemp,30,20140304
MaxTemp,43,20140305
MaxTemp,33,20140306
MaxTemp,39,20140307
MaxTemp,59,20140308
MaxTemp,77,20140309
MaxTemp,80,20140310
MaxTemp,82,20140311
MaxTemp,84,20140312
MaxTemp,33,20140317
MaxTemp,46,20140318
MaxTemp,48,20140319
MaxTemp,55,20140320
MaxTemp,55,20140321
MaxTemp,69,20140322
MaxTemp,46,20140323
MaxTemp,37,20140324
MaxTemp,41,20140325
MaxTemp,37,20140326
MaxTemp,46,20140327
MaxTemp,66,20140328
MaxTemp,59,20140329
MaxTemp,48,20140330
MaxTemp,57,20140331
MaxTemp,61,20140401
MaxTemp,63,20140402
MaxTemp,68,20140403
MaxTemp,48,20140404
MaxTemp,55,20140405
MaxTemp,61,20140406
MaxTemp,52,20140407
MaxTemp,66,20140408
MaxTemp,66,20140409
MaxTemp,68,20140410
MaxTemp,80,20140411
MaxTemp,73,20140412
MaxTemp,82,20140413
MaxTemp,79,20140414
MaxTemp,71,20140415
MaxTemp,50,20140416
MaxTemp,51,20140417
MaxTemp,55,20140418
MaxTemp,68,20140419
MaxTemp,59,20140420
MaxTemp,75,20140422
MaxTemp,61,20140423
MaxTemp,64,20140424
MaxTemp,66,20140425
MaxTemp,71,20140426
MaxTemp,63,20140427
MaxTemp,64,20140428
MaxTemp,52,20140429
MeanTemp,77,20120501
MeanTemp,78,20120502
MeanTemp,78,20120503
MeanTemp,76,20120504
MeanTemp,77,20120505
MeanTemp,79,20120506
MeanTemp,80,20120507
MeanTemp,78,20120508
MeanTemp,77,20120509
MeanTemp,81,20120510
MeanTemp,78,20120511
MeanTemp,80,20120512
MeanTemp,78,20120513
MeanTemp,80,20120514
MeanTemp,78,20120515
MeanTemp,78,20120516
MeanTemp,76,20120517
MeanTemp,78,20120518
MeanTemp,77,20120519
MeanTemp,78,20120520
MeanTemp,78,20120521
MeanTemp,78,20120522
MeanTemp,78,20120523
MeanTemp,78,20120524
MeanTemp,80,20120525
MeanTemp,82,20120526
MeanTemp,82,20120527
MeanTemp,80,20120528
MeanTemp,81,20120529
MeanTemp,82,20120530
MeanTemp,73,20120531
MeanTemp,68,20120601
MeanTemp,68,20120602
MeanTemp,67,20120603
MeanTemp,59,20120604
MeanTemp,58,20120605
MeanTemp,63,20120606
MeanTemp,68,20120607
MeanTemp,71,20120608
MeanTemp,71,20120609
MeanTemp,75,20120610
MeanTemp,71,20120611
MeanTemp,69,20120612
MeanTemp,67,20120613
MeanTemp,70,20120614
MeanTemp,70,20120615
MeanTemp,70,20120616
MeanTemp,66,20120617
MeanTemp,65,20120618
MeanTemp,70,20120619
MeanTemp,82,20120620
MeanTemp,87,20120621
MeanTemp,80,20120622
MeanTemp,77,20120623
MeanTemp,75,20120624
MeanTemp,68,20120625
MeanTemp,65,20120626
MeanTemp,77,20120627
MeanTemp,78,20120628
MeanTemp,81,20120629
MeanTemp,85,20120630
MeanTemp,84,20120701
MeanTemp,80,20120702
MeanTemp,80,20120703
MeanTemp,81,20120704
MeanTemp,82,20120706
MeanTemp,90,20120707
MeanTemp,82,20120708
MeanTemp,80,20120709
MeanTemp,78,20120710
MeanTemp,78,20120711
MeanTemp,80,20120712
MeanTemp,82,20120713
MeanTemp,79,20120714
MeanTemp,80,20120715
MeanTemp,81,20120716
MeanTemp,85,20120717
MeanTemp,87,20120718
MeanTemp,72,20120719
MeanTemp,67,20120720
MeanTemp,70,20120721
MeanTemp,74,20120722
MeanTemp,79,20120723
MeanTemp,83,20120724
MeanTemp,76,20120725
MeanTemp,78,20120726
MeanTemp,79,20120727
MeanTemp,75,20120728
MeanTemp,74,20120729
MeanTemp,75,20120730
MeanTemp,75,20120731
MeanTemp,74,20120801
MeanTemp,79,20120802
MeanTemp,82,20120803
MeanTemp,83,20120804
MeanTemp,82,20120805
MeanTemp,79,20120806
MeanTemp,76,20120807
MeanTemp,80,20120808
MeanTemp,81,20120809
MeanTemp,75,20120810
MeanTemp,81,20120811
MeanTemp,84,20120813
MeanTemp,85,20120814
MeanTemp,84,20120815
MeanTemp,84,20120816
MeanTemp,84,20120817
MeanTemp,85,20120818
MeanTemp,86,20120819
MeanTemp,86,20120820
MeanTemp,84,20120821
MeanTemp,84,20120822
MeanTemp,84,20120823
MeanTemp,82,20120824
MeanTemp,78,20120825
MeanTemp,80,20120826
MeanTemp,81,20120827
MeanTemp,85,20120828
MeanTemp,85,20120829
MeanTemp,70,20120830
MeanTemp,76,20120831
MeanTemp,81,20120901
MeanTemp,74,20120902
MeanTemp,71,20120903
MeanTemp,76,20120904
MeanTemp,76,20120905
MeanTemp,73,20120906
MeanTemp,76,20120907
MeanTemp,75,20120908
MeanTemp,70,20120909
MeanTemp,64,20120910
MeanTemp,62,20120911
MeanTemp,66,20120912
MeanTemp,67,20120913
MeanTemp,68,20120914
MeanTemp,66,20120915
MeanTemp,63,20120916
MeanTemp,63,20120917
MeanTemp,72,20120918
MeanTemp,62,20120919
MeanTemp,61,20120920
MeanTemp,65,20120921
MeanTemp,70,20120922
MeanTemp,60,20120923
MeanTemp,57,20120924
MeanTemp,59,20120925
MeanTemp,70,20120926
MeanTemp,68,20120927
MeanTemp,72,20120928
MeanTemp,60,20120929
MeanTemp,60,20120930
MeanTemp,60,20121001
MeanTemp,65,20121002
MeanTemp,72,20121003
MeanTemp,70,20121004
MeanTemp,70,20121005
MeanTemp,66,20121006
MeanTemp,47,20121007
MeanTemp,48,20121008
MeanTemp,52,20121009
MeanTemp,60,20121010
MeanTemp,52,20121011
MeanTemp,50,20121012
MeanTemp,44,20121013
MeanTemp,59,20121014
MeanTemp,64,20121015
MeanTemp,52,20121016
MeanTemp,50,20121017
MeanTemp,56,20121018
MeanTemp,68,20121019
MeanTemp,62,20121020
MeanTemp,57,20121021
MeanTemp,58,20121023
MeanTemp,61,20121024
MeanTemp,60,20121025
MeanTemp,62,20121026
MeanTemp,60,20121027
MeanTemp,55,20121028
MeanTemp,56,20121029
MeanTemp,46,20121030
MeanTemp,45,20121031
MeanTemp,46,20121101
MeanTemp,47,20121102
MeanTemp,45,20121103
MeanTemp,40,20121104
MeanTemp,40,20121105
MeanTemp,36,20121106
MeanTemp,36,20121107
MeanTemp,42,20121108
MeanTemp,44,20121109
MeanTemp,44,20121110
MeanTemp,52,20121111
MeanTemp,54,20121112
MeanTemp,50,20121113
MeanTemp,40,20121114
MeanTemp,39,20121115
MeanTemp,40,20121116
MeanTemp,42,20121117
MeanTemp,42,20121118
MeanTemp,44,20121119
MeanTemp,44,20121120
MeanTemp,68,20121121
MeanTemp,66,20121122
MeanTemp,66,20121123
MeanTemp,63,20121124
MeanTemp,64,20121125
MeanTemp,36,20121126
MeanTemp,36,20121127
MeanTemp,36,20121128
MeanTemp,36,20121129
MeanTemp,36,20121130
MeanTemp,42,20121201
MeanTemp,46,20121202
MeanTemp,52,20121203
MeanTemp,57,20121204
MeanTemp,48,20121205
MeanTemp,34,20121206
MeanTemp,36,20121207
MeanTemp,46,20121208
MeanTemp,45,20121209
MeanTemp,52,20121210
MeanTemp,47,20121211
MeanTemp,39,20121212
MeanTemp,37,20121213
MeanTemp,38,20121214
MeanTemp,38,20121215
MeanTemp,46,20121216
MeanTemp,44,20121217
MeanTemp,50,20121218
MeanTemp,42,20121219
MeanTemp,72,20121220
MeanTemp,62,20121221
MeanTemp,55,20121222
MeanTemp,60,20121223
MeanTemp,66,20121224
MeanTemp,70,20121225
MeanTemp,73,20121226
MeanTemp,63,20121227
MeanTemp,66,20121228
MeanTemp,74,20121229
MeanTemp,60,20121230
MeanTemp,70,20121231
MeanTemp,74,20130101
MeanTemp,72,20130102
MeanTemp,74,20130103
MeanTemp,73,20130104
MeanTemp,73,20130105
MeanTemp,40,20130106
MeanTemp,37,20130107
MeanTemp,36,20130108
MeanTemp,39,20130109
MeanTemp,42,20130110
MeanTemp,40,20130111
MeanTemp,46,20130112
MeanTemp,46,20130113
MeanTemp,48,20130114
MeanTemp,38,20130115
MeanTemp,35,20130116
MeanTemp,40,20130117
MeanTemp,32,20130118
MeanTemp,39,20130119
MeanTemp,43,20130120
MeanTemp,30,20130121
MeanTemp,20,20130122
MeanTemp,14,20130123
MeanTemp,20,20130124
MeanTemp,16,20130125
MeanTemp,18,20130126
MeanTemp,26,20130127
MeanTemp,30,20130128
MeanTemp,42,20130129
MeanTemp,52,20130130
MeanTemp,46,20130131
MeanTemp,26,20130201
MeanTemp,24,20130202
MeanTemp,27,20130203
MeanTemp,24,20130204
MeanTemp,30,20130205
MeanTemp,32,20130206
MeanTemp,29,20130207
MeanTemp,36,20130208
MeanTemp,28,20130209
MeanTemp,28,20130210
MeanTemp,40,20130211
MeanTemp,39,20130212
MeanTemp,35,20130213
MeanTemp,38,20130214
MeanTemp,42,20130215
MeanTemp,34,20130216
MeanTemp,26,20130217
MeanTemp,28,20130218
MeanTemp,36,20130219
MeanTemp,31,20130220
MeanTemp,30,20130221
MeanTemp,30,20130222
MeanTemp,40,20130223
MeanTemp,39,20130224
MeanTemp,37,20130225
MeanTemp,36,20130226
MeanTemp,45,20130227
MeanTemp,42,20130228
MeanTemp,40,20130301
MeanTemp,36,20130302
MeanTemp,42,20130303
MeanTemp,46,20130304
MeanTemp,62,20130305
MeanTemp,52,20130306
MeanTemp,47,20130307
MeanTemp,52,20130308
MeanTemp,56,20130309
MeanTemp,42,20130310
MeanTemp,48,20130311
MeanTemp,51,20130312
MeanTemp,42,20130313
MeanTemp,34,20130314
MeanTemp,38,20130315
MeanTemp,40,20130316
MeanTemp,34,20130317
MeanTemp,34,20130318
MeanTemp,42,20130319
MeanTemp,40,20130320
MeanTemp,34,20130321
MeanTemp,34,20130322
MeanTemp,37,20130323
MeanTemp,38,20130324
MeanTemp,35,20130325
MeanTemp,43,20130326
MeanTemp,42,20130327
MeanTemp,41,20130328
MeanTemp,44,20130329
MeanTemp,44,20130330
MeanTemp,46,20130331
MeanTemp,52,20130401
MeanTemp,37,20130402
MeanTemp,38,20130403
MeanTemp,40,20130404
MeanTemp,50,20130405
MeanTemp,44,20130406
MeanTemp,50,20130407
MeanTemp,62,20130408
MeanTemp,71,20130409
MeanTemp,74,20130410
MeanTemp,58,20130411
MeanTemp,45,20130412
MeanTemp,48,20130413
MeanTemp,50,20130414
MeanTemp,52,20130415
MeanTemp,59,20130416
MeanTemp,63,20130417
MeanTemp,56,20130418
MeanTemp,66,20130419
MeanTemp,52,20130420
MeanTemp,45,20130421
MeanTemp,43,20130422
MeanTemp,45,20130423
MeanTemp,55,20130424
MeanTemp,54,20130425
MeanTemp,54,20130426
MeanTemp,55,20130427
MeanTemp,55,20130428
MeanTemp,54,20130429
MeanTemp,58,20130430
MeanTemp,54,20130501
MeanTemp,56,20130502
MeanTemp,54,20130503
MeanTemp,54,20130504
MeanTemp,52,20130505
MeanTemp,56,20130506
MeanTemp,60,20130507
MeanTemp,66,20130508
MeanTemp,76,20130509
MeanTemp,79,20130510
MeanTemp,80,20130511
MeanTemp,80,20130512
MeanTemp,81,20130513
MeanTemp,77,20130514
MeanTemp,74,20130515
MeanTemp,76,20130516
MeanTemp,80,20130517
MeanTemp,60,20130518
MeanTemp,67,20130519
MeanTemp,71,20130520
MeanTemp,60,20130521
MeanTemp,57,20130522
MeanTemp,57,20130523
MeanTemp,58,20130524
MeanTemp,58,20130525
MeanTemp,64,20130526
MeanTemp,60,20130527
MeanTemp,64,20130528
MeanTemp,63,20130529
MeanTemp,63,20130530
MeanTemp,80,20130601
MeanTemp,80,20130602
MeanTemp,80,20130603
MeanTemp,64,20130604
MeanTemp,64,20130605
MeanTemp,66,20130606
MeanTemp,70,20130607
MeanTemp,75,20130608
MeanTemp,69,20130609
MeanTemp,66,20130610
MeanTemp,66,20130611
MeanTemp,65,20130612
MeanTemp,64,20130613
MeanTemp,71,20130614
MeanTemp,63,20130615
MeanTemp,64,20130616
MeanTemp,65,20130617
MeanTemp,63,20130618
MeanTemp,64,20130619
MeanTemp,64,20130620
MeanTemp,67,20130621
MeanTemp,69,20130622
MeanTemp,64,20130623
MeanTemp,64,20130624
MeanTemp,71,20130625
MeanTemp,74,20130626
MeanTemp,73,20130627
MeanTemp,78,20130628
MeanTemp,81,20130629
MeanTemp,76,20130630
MeanTemp,77,20130701
MeanTemp,78,20130702
MeanTemp,77,20130703
MeanTemp,78,20130704
MeanTemp,66,20130705
MeanTemp,67,20130706
MeanTemp,67,20130707
MeanTemp,68,20130708
MeanTemp,72,20130709
MeanTemp,68,20130710
MeanTemp,66,20130711
MeanTemp,66,20130712
MeanTemp,68,20130713
MeanTemp,65,20130714
MeanTemp,65,20130715
MeanTemp,65,20130716
MeanTemp,66,20130717
MeanTemp,69,20130718
MeanTemp,69,20130719
MeanTemp,70,20130720
MeanTemp,67,20130721
MeanTemp,68,20130722
MeanTemp,71,20130723
MeanTemp,73,20130724
MeanTemp,70,20130725
MeanTemp,69,20130726
MeanTemp,68,20130727
MeanTemp,68,20130728
MeanTemp,68,20130729
MeanTemp,66,20130730
MeanTemp,66,20130731
MeanTemp,64,20130801
MeanTemp,66,20130802
MeanTemp,66,20130803
MeanTemp,65,20130804
MeanTemp,65,20130805
MeanTemp,66,20130806
MeanTemp,67,20130807
MeanTemp,67,20130808
MeanTemp,66,20130809
MeanTemp,68,20130810
MeanTemp,66,20130811
MeanTemp,70,20130812
MeanTemp,72,20130813
MeanTemp,68,20130814
MeanTemp,73,20130815
MeanTemp,72,20130816
MeanTemp,83,20130818
MeanTemp,84,20130819
MeanTemp,84,20130820
MeanTemp,81,20130821
MeanTemp,82,20130822
MeanTemp,84,20130823
MeanTemp,84,20130824
MeanTemp,82,20130825
MeanTemp,76,20130826
MeanTemp,81,20130827
MeanTemp,74,20130828
MeanTemp,76,20130829
MeanTemp,76,20130830
MeanTemp,80,20130831
MeanTemp,81,20130901
MeanTemp,78,20130902
MeanTemp,78,20130903
MeanTemp,73,20130904
MeanTemp,70,20130905
MeanTemp,64,20130906
MeanTemp,66,20130907
MeanTemp,72,20130908
MeanTemp,64,20130909
MeanTemp,78,20130910
MeanTemp,84,20130911
MeanTemp,80,20130912
MeanTemp,70,20130913
MeanTemp,60,20130914
MeanTemp,60,20130915
MeanTemp,66,20130916
MeanTemp,57,20130917
MeanTemp,58,20130918
MeanTemp,62,20130919
MeanTemp,66,20130920
MeanTemp,66,20130921
MeanTemp,64,20130922
MeanTemp,59,20130923
MeanTemp,60,20130924
MeanTemp,63,20130925
MeanTemp,62,20130926
MeanTemp,64,20130927
MeanTemp,64,20130928
MeanTemp,63,20130929
MeanTemp,63,20130930
MeanTemp,67,20131001
MeanTemp,58,20131002
MeanTemp,57,20131003
MeanTemp,57,20131004
MeanTemp,52,20131005
MeanTemp,63,20131015
MeanTemp,60,20131018
MeanTemp,54,20131019
MeanTemp,54,20131020
MeanTemp,54,20131021
MeanTemp,56,20131022
MeanTemp,50,20131023
MeanTemp,47,20131024
MeanTemp,47,20131025
MeanTemp,46,20131026
MeanTemp,52,20131027
MeanTemp,50,20131028
MeanTemp,52,20131029
MeanTemp,52,20131030
MeanTemp,60,20131031
MeanTemp,64,20131101
MeanTemp,59,20131102
MeanTemp,46,20131103
MeanTemp,39,20131104
MeanTemp,48,20131105
MeanTemp,54,20131106
MeanTemp,53,20131107
MeanTemp,44,20131108
MeanTemp,43,20131109
MeanTemp,50,20131110
MeanTemp,49,20131111
MeanTemp,41,20131112
MeanTemp,34,20131113
MeanTemp,48,20131114
MeanTemp,65,20131115
MeanTemp,72,20131116
MeanTemp,60,20131117
MeanTemp,60,20131118
MeanTemp,41,20131119
MeanTemp,38,20131120
MeanTemp,42,20131121
MeanTemp,54,20131122
MeanTemp,42,20131123
MeanTemp,27,20131124
MeanTemp,28,20131125
MeanTemp,41,20131126
MeanTemp,50,20131127
MeanTemp,34,20131128
MeanTemp,34,20131129
MeanTemp,31,20131130
MeanTemp,39,20131201
MeanTemp,44,20131202
MeanTemp,45,20131203
MeanTemp,45,20131204
MeanTemp,54,20131205
MeanTemp,51,20131206
MeanTemp,34,20131207
MeanTemp,30,20131208
MeanTemp,34,20131209
MeanTemp,32,20131210
MeanTemp,26,20131211
MeanTemp,26,20131212
MeanTemp,31,20131213
MeanTemp,30,20131214
MeanTemp,36,20131215
MeanTemp,28,20131216
MeanTemp,28,20131217
MeanTemp,29,20131218
MeanTemp,34,20131219
MeanTemp,44,20131220
MeanTemp,56,20131221
MeanTemp,80,20131222
MeanTemp,81,20131223
MeanTemp,80,20131224
MeanTemp,80,20131225
MeanTemp,80,20131226
MeanTemp,82,20131227
MeanTemp,82,20131228
MeanTemp,82,20131229
MeanTemp,74,20131230
MeanTemp,72,20131231
MeanTemp,77,20140101
MeanTemp,75,20140102
MeanTemp,66,20140103
MeanTemp,70,20140104
MeanTemp,76,20140105
MeanTemp,71,20140106
MeanTemp,52,20140107
MeanTemp,59,20140108
MeanTemp,73,20140109
MeanTemp,75,20140110
MeanTemp,78,20140111
MeanTemp,43,20140112
MeanTemp,43,20140113
MeanTemp,47,20140114
MeanTemp,44,20140115
MeanTemp,34,20140116
MeanTemp,34,20140117
MeanTemp,32,20140118
MeanTemp,32,20140119
MeanTemp,44,20140120
MeanTemp,24,20140121
MeanTemp,10,20140122
MeanTemp,14,20140123
MeanTemp,14,20140124
MeanTemp,23,20140125
MeanTemp,22,20140126
MeanTemp,32,20140127
MeanTemp,16,20140128
MeanTemp,16,20140129
MeanTemp,18,20140130
MeanTemp,34,20140131
MeanTemp,39,20140201
MeanTemp,44,20140202
MeanTemp,36,20140203
MeanTemp,28,20140204
MeanTemp,34,20140205
MeanTemp,26,20140206
MeanTemp,29,20140207
MeanTemp,27,20140208
MeanTemp,26,20140209
MeanTemp,26,20140210
MeanTemp,21,20140211
MeanTemp,17,20140212
MeanTemp,30,20140213
MeanTemp,37,20140214
MeanTemp,34,20140215
MeanTemp,24,20140216
MeanTemp,26,20140217
MeanTemp,35,20140218
MeanTemp,36,20140219
MeanTemp,42,20140220
MeanTemp,48,20140221
MeanTemp,42,20140222
MeanTemp,46,20140223
MeanTemp,34,20140224
MeanTemp,30,20140225
MeanTemp,27,20140226
MeanTemp,25,20140227
MeanTemp,18,20140228
MeanTemp,27,20140301
MeanTemp,38,20140302
MeanTemp,24,20140303
MeanTemp,21,20140304
MeanTemp,31,20140305
MeanTemp,26,20140306
MeanTemp,34,20140307
MeanTemp,46,20140308
MeanTemp,67,20140309
MeanTemp,72,20140310
MeanTemp,71,20140311
MeanTemp,76,20140312
MeanTemp,28,20140317
MeanTemp,38,20140318
MeanTemp,40,20140319
MeanTemp,50,20140320
MeanTemp,45,20140321
MeanTemp,52,20140322
MeanTemp,39,20140323
MeanTemp,29,20140324
MeanTemp,30,20140325
MeanTemp,32,20140326
MeanTemp,33,20140327
MeanTemp,50,20140328
MeanTemp,52,20140329
MeanTemp,44,20140330
MeanTemp,47,20140331
MeanTemp,48,20140401
MeanTemp,52,20140402
MeanTemp,57,20140403
MeanTemp,46,20140404
MeanTemp,50,20140405
MeanTemp,48,20140406
MeanTemp,44,20140407
MeanTemp,57,20140408
MeanTemp,52,20140409
MeanTemp,52,20140410
MeanTemp,67,20140411
MeanTemp,63,20140412
MeanTemp,66,20140413
MeanTemp,72,20140414
MeanTemp,54,20140415
MeanTemp,40,20140416
MeanTemp,42,20140417
MeanTemp,46,20140418
MeanTemp,54,20140419
MeanTemp,50,20140420
MeanTemp,62,20140422
MeanTemp,53,20140423
MeanTemp,53,20140424
MeanTemp,52,20140425
MeanTemp,60,20140426
MeanTemp,54,20140427
MeanTemp,52,20140428
MeanTemp,48,20140429
